id,video
M1,www.youtube.com/embed/vPxLVgTIAbk?rel=0
M1,www.youtube.com/embed/qDhdwgK218E?rel=0
M1,www.youtube.com/embed/Qyc4bgK7AXE?rel=0
M4,https://www.youtube.com/embed/x8VxLRMV760?rel=0
M4,https://www.youtube.com/embed/51ym5gOnDt0?rel=0
M7,https://www.youtube.com/embed/VwyQn5a-sh8?rel=0
M8,https://www.youtube.com/embed/fiqxVLEH7t4
M8,https://www.youtube.com/embed/QW1KS-pAwG4
M8,https://www.youtube.com/embed/556YPNeZhg4?rel=0
M9,https://www.youtube.com/embed/t2GV9L2Yl8A?rel=0
M9,https://www.youtube.com/embed/fg8bbGoioAw?rel=0
M11,https://www.youtube.com/embed/qSRi4ZnHkxo?rel=0
M15,https://www.youtube.com/embed/iVNy-oADE74?rel=0
M16,https://www.youtube.com/embed/OkrZPboBxPM
M16,https://www.youtube.com/embed/SIweUmSC9GU?rel=0
M16,https://www.youtube.com/embed/cP0348S_c2s?rel=0
M17,https://www.youtube.com/embed/YE5YEVU65pA
M17,https://www.youtube.com/embed/h9yeerxZ68A?rel=0
M17,https://www.youtube.com/embed/XmsriWQ6mjc
M17,https://www.youtube.com/embed/6wJh3nRRhF4?rel=0
M17,https://www.youtube.com/embed/1Ba9lbuVdbw?rel=0
M20,https://www.youtube.com/embed/vOpzMfuoFwk?rel=0
M30,https://www.youtube.com/embed/yqsmmYZDC7o?rel=0
M31,https://www.youtube.com/embed/fMNlt2FnHDg?rel=0
M31,https://www.youtube.com/embed/nLFFa1BuQgo?rel=0
M31,https://www.youtube.com/embed/TijClV4uHIk?rel=0
M31,https://www.youtube.com/embed/ERGeAf9HSc4?rel=0
M31,https://www.youtube.com/embed/HWxBTHVhc3I?rel=0
M31,https://www.youtube.com/embed/PpQSMd5l2cI?rel=0
M31,https://www.youtube.com/embed/bs21UAqCEuw?rel=0
M33,https://www.youtube.com/embed/gelE-uBEVmo?rel=0
M42,https://www.youtube.com/embed/GjzTM6xEyJM?rel=0
M42,https://www.youtube.com/embed/uL-ciZB89i4?rel=0
M42,https://www.youtube.com/embed/N5E_q0-K3xM?rel=0
M44,https://www.youtube.com/embed/-FwppWSCWeU?rel=0
M47,https://www.youtube.com/embed/4xlLy7msrpI?rel=0
M51,https://www.youtube.com/embed/-TRsoZBAXH0?rel=0
M51,https://www.youtube.com/embed/RJKRGotDCAY?rel=0
M51,https://www.youtube.com/embed/FcK05ckrGgw?rel=0
M51,https://www.youtube.com/embed/H5KXl4YORYo?rel=0
M54,https://www.youtube.com/embed/bHTFlFMuLUU?rel=0
M54,https://www.youtube.com/embed/QbfDTdpGdUM?rel=0
M55,https://www.youtube.com/embed/hmN7Rj2ns3M?rel=0
M55,https://www.youtube.com/embed/ltCSc2shleY?rel=0
M57,https://www.youtube.com/embed/jOXJGIw_-WM?rel=0
M57,https://www.youtube.com/embed/W6VPf86MCGM?rel=0
M57,https://www.youtube.com/embed/5mqneNB4Vpc?rel=0
M57,https://www.youtube.com/embed/4QVbxJzY7IA?rel=0
M60,https://www.youtube.com/embed/kNCiugB_YDE?rel=0
M60,https://www.youtube.com/embed/HTeldc9o12I?rel=0
M66,https://www.youtube.com/embed/V6pws3XVX7A
M67,https://www.youtube.com/embed/ybY9p55zKbs
M67,https://www.youtube.com/embed/w5W8ipi3jME
M67,https://www.youtube.com/embed/qsTt2rkRYxc
M74,https://www.youtube.com/embed/-1HyUgPEJxs
M74,https://www.youtube.com/embed/JzSPDwgR_UA
M77,https://www.youtube.com/embed/yVQsPhllgsE
M77,https://www.youtube.com/embed/2pbFlGYOtPA
M78,https://www.youtube.com/embed/bb-BVKgjUeg
M78,https://www.youtube.com/embed/91K1sNjL5cE
M81,https://www.youtube.com/embed/YhmiDp-GXe8
M81,https://www.youtube.com/embed/7-H5NBCGVtg
M82,https://www.youtube.com/embed/_fistpwCtjc
M82,https://www.youtube.com/embed/1Whx5WhYOBo
M82,https://www.youtube.com/embed/7CtQFYu9Fqk
M82,https://www.youtube.com/embed/bajlrBeYSJI
M82,https://www.youtube.com/embed/mFnE21satOQ
M83,https://www.youtube.com/embed/iaPY7CAUlH0
M83,https://www.youtube.com/embed/AdbUjwfnRew
M83,https://www.youtube.com/embed/yQ0NTaK54rE
M84,https://www.youtube.com/embed/W1yb91RP1uA
M87,https://www.youtube.com/embed/6qr_0K7UPas
M87,https://www.youtube.com/embed/LAb1FEWCdl8
M87,https://www.youtube.com/embed/tOkhxowI6jE
M87,https://www.youtube.com/embed/8RKC5QHkbhA
M101,https://www.youtube.com/embed/dpbjT7aHnds
M104,https://www.youtube.com/embed/GBB2xQe8nMw
M104,https://www.youtube.com/embed/oVFc-UzYPXI
M106,https://www.youtube.com/embed/EPE3dBbzt0k
M106,https://www.youtube.com/embed/q425_j0MdAY
M107,https://www.youtube.com/embed/mIpC2om2CUA
